,cr,adr,sddr
manual,0.8624831707549643,-0.012341553133966674,0.5317222606134037
benchmark,-0.3862947426436848,0.10182647815894999,5.470004686728081
