,cr,adr,sddr
manual,0.2639426229098629,0.002234213317259818,0.06010092767377117
benchmark,-1.3637092900864678,-0.036879079754878946,1.4423197623023312
